rel_id;change_type;category;restriction_old;restriction_new;except_old;except_new;from_ways;via;to_ways
19780512;restriction_added;turn_restriction;;restriction=no_u_turn;;;22743641;21311909;22743641
19780513;restriction_added;turn_restriction;;restriction=no_right_turn;;;482271881;45181244;27352278
19780514;restriction_added;turn_restriction;;restriction=no_u_turn;;;45181244;21311909;45181244
19780515;restriction_added;turn_restriction;;restriction=no_u_turn;;;45181244;303188311;45181244
19780516;restriction_added;turn_restriction;;restriction=no_left_turn;;;45181244;303188311;27610757
19780517;restriction_added;turn_restriction;;restriction=no_right_turn;;;45181244;21311909;27352278
19780518;restriction_added;turn_restriction;;restriction=no_u_turn;;;22737026;21311909;22737026
19780519;restriction_added;turn_restriction;;restriction=no_u_turn;;;27352278;21311909;27352278
19780520;restriction_added;turn_restriction;;restriction=no_u_turn;;;27352278;21311910;27352278
19780521;restriction_added;turn_restriction;;restriction=no_right_turn;;;22737026;21311909;22743641
19792482;restriction_added;turn_restriction;;restriction=only_right_turn;;;132658242;300151732;1447418308
19826803;restriction_added;turn_restriction;;restriction=only_straight_on;;;1251272642;11631658800;1251272640
19826804;restriction_added;turn_restriction;;restriction=only_straight_on;;;1251272625;11631642305;1251272621
19826805;restriction_added;turn_restriction;;restriction=only_straight_on;;;1251272645;11631658829;1251272643
19826806;restriction_added;turn_restriction;;restriction=no_u_turn;;;1251272627;11631642322;1251272626
19826807;restriction_added;turn_restriction;;restriction=only_straight_on;;;1251272623;11631642301;1251272619
19826808;restriction_added;turn_restriction;;restriction=only_straight_on;;;1364614693;12637266365;1450025089
19826809;restriction_added;turn_restriction;;restriction=only_straight_on;;;1364614689;12637266337;1441609303
19826811;restriction_added;turn_restriction;;restriction=only_straight_on;;;1449891307;6393782268;682681283
19826812;restriction_added;turn_restriction;;restriction=only_straight_on;;;1450025121;6393782259;1449891317
19826813;restriction_added;turn_restriction;;restriction=only_straight_on;;;1251272639;11631658793;1251272640
19874678;restriction_added;turn_restriction;;restriction=only_straight_on;;;1453142839;3686657876;1091815633
19880567;restriction_added;turn_restriction;;restriction=no_u_turn;;;288232119;143286009;288231847
19881169;restriction_added;turn_restriction;;restriction=no_left_turn;;;456423110;3893616917;1453565267
19937111;restriction_added;turn_restriction;;restriction=only_right_turn;;bicycle;209195800;236815877;1457112039
19937564;restriction_added;turn_restriction;;restriction=no_u_turn;;;1457146975;26396004;1457146976
19937565;restriction_added;turn_restriction;;restriction=only_straight_on;;;1457146976;13363703430;4643632
19938649;restriction_added;turn_restriction;;restriction=only_left_turn;;;1457207626;1271133079;481388305
19954344;restriction_added;turn_restriction;;restriction=no_left_turn;;;140304139;140304130,230064199;4053720
19954345;restriction_added;turn_restriction;;restriction=no_u_turn;;;140304139;317122123;140304139
19954346;restriction_added;turn_restriction;;restriction=no_u_turn;;;355169838;4053569,140304130;230064199
19964017;restriction_added;turn_restriction;;restriction=no_u_turn;;;140304130;4053720,230064199;147231070
19964018;restriction_added;turn_restriction;;restriction=no_u_turn;;;140304130;230064199;4053720
19964019;restriction_added;turn_restriction;;restriction=no_u_turn;;;4053569;140304130;230064199
19964020;restriction_added;turn_restriction;;restriction=no_u_turn;;;250677010;140304130,230064199;4053720
19964021;restriction_added;turn_restriction;;restriction=no_left_turn;;;230064199;708607;4053720
20016621;restriction_added;turn_restriction;;restriction=no_left_turn;;;1034305022;4692846183;475547252
20028699;restriction_added;turn_restriction;;restriction=no_left_turn;;;548175978;259418798;131628075
20028700;restriction_added;turn_restriction;;restriction=no_right_turn;;;184575097;259418798;131628075
20047169;restriction_added;turn_restriction;;restriction=only_straight_on;;;479544430;473232759;116764552
20047170;restriction_added;turn_restriction;;restriction=only_straight_on;;;1250344253;473232774;116999350
20047171;restriction_added;turn_restriction;;restriction=only_straight_on;;;143368567;25665985;116764551
20056412;restriction_added;turn_restriction;;restriction=only_straight_on;;;1465125285;9525411554;1465125286
20056413;restriction_added;turn_restriction;;restriction=only_straight_on;;;1443933983;9525411554;1443933982
20056414;restriction_added;turn_restriction;;restriction=only_straight_on;;;1443933982;9525411554;1443532017
20056415;restriction_added;turn_restriction;;restriction=only_straight_on;;;1033963216;9525411551;1465125288
20056416;restriction_added;turn_restriction;;restriction=only_straight_on;;;116770754;9525411551;1465125287
20066068;restriction_added;turn_restriction;;restriction=no_u_turn;;;137373558;896277242;896277241
20066069;restriction_added;turn_restriction;;restriction=no_u_turn;;;481388666;1465792401;1465792402
20066070;restriction_added;turn_restriction;;restriction=no_u_turn;;;1465792402;896277242;481388666
20066071;restriction_added;turn_restriction;;restriction=no_left_turn;;;1465792401;1465792402;896277242
20066072;restriction_added;turn_restriction;;restriction=no_right_turn;;;896277242;481388666;1465792401
20142091;restriction_added;turn_restriction;;restriction=only_right_turn;;;1471536593;3653308939;1471536595
20146995;restriction_added;turn_restriction;;restriction=only_straight_on;;;1472012451;13507036274;1221780329
20146996;restriction_added;turn_restriction;;restriction=only_left_turn;;;792535038;1838786010;1342713198
20150625;restriction_added;turn_restriction;;restriction=no_left_turn;;;182014792;13510390156;1472470786
20242882;restriction_added;turn_restriction;;restriction=only_right_turn;;;1279352116;1637952081;150934370
20242996;restriction_added;turn_restriction;;restriction=no_straight_on;;;236074561;1140924933;98618033
20242997;restriction_added;turn_restriction;;restriction=no_left_turn;;;236074561;1140924933;326134812
20243489;restriction_added;turn_restriction;;restriction=only_left_turn;;;1474001903;353286256;1474001904
20258101;restriction_added;turn_restriction;;restriction=only_straight_on;;;326131564;244019654;355019799
20275771;restriction_added;turn_restriction;;restriction=no_left_turn;;;1484294134;13609569232;1484294136
20275772;restriction_added;turn_restriction;;restriction=no_left_turn;;;1484294138;10210503060;1116362986
20275773;restriction_added;turn_restriction;;restriction=no_left_turn;;;1484294140;13609569241;1484294141
20276244;restriction_added;turn_restriction;;restriction=no_left_turn;;;1484326328;13609785162;1484326325
20276245;restriction_added;turn_restriction;;restriction=no_left_turn;;;1484326325;13609785159;1484326328
20276246;restriction_added;turn_restriction;;restriction=no_left_turn;;;1484326331;13609785166;1484326332
20276247;restriction_added;turn_restriction;;restriction=no_left_turn;;;1484326332;13609785168;1484326331
20280443;restriction_added;turn_restriction;;restriction=only_straight_on;;;1484635508;391056007;34115583
20280452;restriction_added;turn_restriction;;restriction=only_straight_on;;;1484635514;13612188116;1484635515
20280453;restriction_added;turn_restriction;;restriction=only_straight_on;;;1484635513;13612188110;1484890082
20281480;restriction_added;turn_restriction;;restriction=only_straight_on;;;1484756665;21452974;1537641183
20293686;restriction_added;turn_restriction;;restriction=no_right_turn;;;309011843;187694893;22726589
20374691;restriction_added;turn_restriction;;restriction=only_right_turn;;;32434555;256091077;73227609
20374692;restriction_added;turn_restriction;;restriction=no_u_turn;;;1492723096;256091077;1492723096
20374693;restriction_added;turn_restriction;;restriction=no_u_turn;;;73227609;256091077;73227609
20632261;restriction_added;turn_restriction;;restriction=only_right_turn;;;16237250;112091952;4079616
20656335;restriction_added;turn_restriction;;restriction=no_left_turn;;;28499018;13806089698;1510265236
20656336;restriction_added;turn_restriction;;restriction=no_left_turn;;;1340371643;;28499018
20656337;restriction_added;turn_restriction;;restriction=no_right_turn;;;1340371643;;1510265239
20726602;restriction_added;turn_restriction;;restriction=no_left_turn;;;901716179;2069017294;196584938
20726603;restriction_added;turn_restriction;;restriction=no_right_turn;;;274489041;2069017303;196584938
20733657;restriction_added;turn_restriction;;restriction=only_right_turn;;;27565747;66973539;666291582
20800036;restriction_added;turn_restriction;;restriction=only_straight_on;;;593434856;32641147;1415619650
20829532;restriction_added;turn_restriction;;restriction=no_u_turn;;;4053720;4053569;140304130
20960051;restriction_added;turn_restriction;;restriction=only_right_turn;;;722496073;;1338025024
21004159;restriction_added;turn_restriction;;restriction=no_u_turn;;;24457651;8521982341;24457651
21004160;restriction_added;turn_restriction;;restriction=no_u_turn;;;24457651;8521978661;24457651
21006502;restriction_added;turn_restriction;;restriction=no_u_turn;;;27766393;21311890;27766393
21006503;restriction_added;turn_restriction;;restriction=no_u_turn;;;27766393;21311889;27766393
21006504;restriction_added;turn_restriction;;restriction=no_u_turn;;;1532318510;27766393;1133471868
21006505;restriction_added;turn_restriction;;restriction=no_u_turn;;;50178031;27766393;1133471871
21006506;restriction_added;turn_restriction;;restriction=no_u_turn;;;1532318508;21311889;1532318508
21006507;restriction_added;turn_restriction;;restriction=no_u_turn;;;1532318509;21311890;1532318509
21006508;restriction_added;turn_restriction;;restriction=no_straight_on;;;4641301;29527229;27481905
21006509;restriction_added;turn_restriction;;restriction=no_straight_on;;;1530947381;25973226;1530947385
21006510;restriction_added;turn_restriction;;restriction=no_straight_on;;;1215460187;1530947385;1530947384
21006511;restriction_added;turn_restriction;;restriction=no_straight_on;;;1216062679;27481905;142147143
21006512;restriction_added;turn_restriction;;restriction=no_left_turn;;;1215460187;25973226;1530947385
21006513;restriction_added;turn_restriction;;restriction=no_u_turn;;;1530947386;306266916;1530947386
21006514;restriction_added;turn_restriction;;restriction=no_left_turn;;;1530947386;142147147;30980038
21006515;restriction_added;turn_restriction;;restriction=no_u_turn;;;1530947386;29527230;1530947386
21006516;restriction_added;turn_restriction;;restriction=no_right_turn;;;1530947386;4261181,4630066;142147146
21006517;restriction_added;turn_restriction;;restriction=no_right_turn;;;50178032;4261181,142147146;4630066
21006518;restriction_added;turn_restriction;;restriction=no_u_turn;;;50178032;4261181,142147146;4641536
21006519;restriction_added;turn_restriction;;restriction=no_u_turn;;;79094527;142147146;4630066
21006520;restriction_added;turn_restriction;;restriction=no_u_turn;;;818738039;4630066;4261181
21006521;restriction_added;turn_restriction;;restriction=no_left_turn;;;818738039;142147147,1530947386;30980038
21006522;restriction_added;turn_restriction;;restriction=no_u_turn;;;142147147;306266916;142147147
21006523;restriction_added;turn_restriction;;restriction=no_u_turn;;;142147147;344481243;142147147
21006524;restriction_added;turn_restriction;;restriction=no_right_turn;;;142147147;1530947386;4641536
21006525;restriction_added;turn_restriction;;restriction=no_right_turn;;;1530947386;29527230;4641536
21006526;restriction_added;turn_restriction;;restriction=no_right_turn;;;1249721530;142147147,1530947386;4641536
21006527;restriction_added;turn_restriction;;restriction=no_u_turn;;;1249721530;344481243;1249721530
21006528;restriction_added;turn_restriction;;restriction=no_u_turn;;;1216062674;1530947382;1530947383
21006529;restriction_added;turn_restriction;;restriction=no_u_turn;;;1216062674;27481905,1530947382;142147143
21006530;restriction_added;turn_restriction;;restriction=no_left_turn;;;1216062674;4142343074;1530947382
21006531;restriction_added;turn_restriction;;restriction=no_right_turn;;;1216062679;244011415;27481905
21006532;restriction_added;turn_restriction;;restriction=no_left_turn;;;142147143;29527228;304507605
21006533;restriction_added;turn_restriction;;restriction=no_right_turn;;;126236305;304507605;1255981999
21006534;restriction_added;turn_restriction;;restriction=no_right_turn;;;1216062676;244011412;304507605
21006535;restriction_added;turn_restriction;;restriction=no_u_turn;;;1216062676;1255981998;1530947389
21006536;restriction_added;turn_restriction;;restriction=no_u_turn;;;1216062676;1255981998,1530947388;1215460187
21006537;restriction_added;turn_restriction;;restriction=no_left_turn;;;1216062676;244011412;1255981998
21006538;restriction_added;turn_restriction;;restriction=no_left_turn;;;1216062667;4142343071;1255981998
21006539;restriction_added;turn_restriction;;restriction=no_left_turn;;;1532318505;21311891;1530947388
21006540;restriction_added;turn_restriction;;restriction=no_left_turn;;;1133471842;25973094;1133471876
21006541;restriction_added;turn_restriction;;restriction=no_left_turn;;;27766393;142147138,1133471877,1532318509;1133471842
21006542;restriction_added;turn_restriction;;restriction=no_u_turn;;;1133471876;25973094;1133471876
21006543;restriction_added;turn_restriction;;restriction=no_u_turn;;;1133471867;10595978339;1133471867
21006544;restriction_added;turn_restriction;;restriction=no_u_turn;;;1153586147;10595978351;1153586147
21006545;restriction_added;turn_restriction;;restriction=no_u_turn;;;4641520;10595978338;4641520
21006546;restriction_added;turn_restriction;;restriction=no_u_turn;;;80779632;620357624,1530947390;620357625
21006548;restriction_added;turn_restriction;;restriction=no_left_turn;;;886522858;620357625;1530947391
21006549;restriction_added;turn_restriction;;restriction=no_u_turn;;;1530947397;1530947390,1530947391;620357624
21006550;restriction_added;turn_restriction;;restriction=no_u_turn;;;1530947391;1530947390;620357624
21006551;restriction_added;turn_restriction;;restriction=no_u_turn;;;80779627;310312762;80779627
21006552;restriction_added;turn_restriction;;restriction=no_u_turn;;;512900340;28254652;80779629
21006553;restriction_added;turn_restriction;;restriction=no_left_turn;;;32481719;365204108;1530947401
21006554;restriction_added;turn_restriction;;restriction=no_u_turn;;;512900341;1530947401;877877636
21006555;restriction_added;turn_restriction;;restriction=no_left_turn;;;1530947401;21311893;877877636
21006556;restriction_added;turn_restriction;;restriction=no_left_turn;;;1530947399;8167853725;512900341
21006557;restriction_added;turn_restriction;;restriction=no_u_turn;;;79094528;27806672;1530947405
21006558;restriction_added;turn_restriction;;restriction=no_u_turn;;;135706932;27806672;1530947403
21006559;restriction_added;turn_restriction;;restriction=no_u_turn;;;1530947404;21673418;1530947404
21006560;restriction_added;turn_restriction;;restriction=no_u_turn;;;43915827;25973398;43915827
21006561;restriction_added;turn_restriction;;restriction=no_u_turn;;;1530947406;371174513;1530947406
21006562;restriction_added;turn_restriction;;restriction=no_u_turn;;;27806672;21673418;27806672
21006563;restriction_added;turn_restriction;;restriction=no_u_turn;;;27806672;25973398;27806672
21006564;restriction_added;turn_restriction;;restriction=no_u_turn;;;490207877;4823824959;490207877
21006565;restriction_added;turn_restriction;;restriction=no_u_turn;;;24731712;32438879;24731712
21006566;restriction_added;turn_restriction;;restriction=no_left_turn;;;24731712;920880654;1530947409
21006567;restriction_added;turn_restriction;;restriction=no_right_turn;;;24731712;920880654,1530947408;1530947412
21006568;restriction_added;turn_restriction;;restriction=no_u_turn;;;13125116;1035742521;13125116
21006569;restriction_added;turn_restriction;;restriction=no_u_turn;;;13125116;4823824958;13125116
21006570;restriction_added;turn_restriction;;restriction=no_left_turn;;;13125116;4823824958;490207872
21006571;restriction_added;turn_restriction;;restriction=no_right_turn;;;13125116;575537081,1530947412;920880656
21006572;restriction_added;turn_restriction;;restriction=no_u_turn;;;1530947411;4823824958;1530947411
21006573;restriction_added;turn_restriction;;restriction=no_u_turn;;;920880655;4823824959;920880655
21006574;restriction_added;turn_restriction;;restriction=no_right_turn;;;490207877;920880655,920880656;1530947408
21006575;restriction_added;turn_restriction;;restriction=no_left_turn;;;920880654;1530947408,1530947412;920880656
21006576;restriction_added;turn_restriction;;restriction=only_left_turn;;;920880654;575537081,1530947408;13125116
21006577;restriction_added;turn_restriction;;restriction=no_right_turn;;;920880655;920880656;1530947408
21006578;restriction_added;turn_restriction;;restriction=no_u_turn;;;920880655;8549693391;920880655
21006579;restriction_added;turn_restriction;;restriction=only_left_turn;;;920880656;1530947409;1530947410
21006580;restriction_added;turn_restriction;;restriction=only_right_turn;;;490207874;4823824959;490207877
21006581;restriction_added;turn_restriction;;restriction=only_right_turn;;;490207872;4823824957;1530947410
21006582;restriction_added;turn_restriction;;restriction=no_u_turn;;;22754171;623095583;483411124
21006583;restriction_added;turn_restriction;;restriction=only_straight_on;;;623095583;312277538;22754167
21006584;restriction_added;turn_restriction;;restriction=only_straight_on;;;1530947415;1826208695;1530947414
21006585;restriction_added;turn_restriction;;restriction=only_straight_on;;;135000737;1483392055;1318197148
21006586;restriction_added;turn_restriction;;restriction=only_straight_on;;;22737056;29527227;623095583
21006587;restriction_added;turn_restriction;;restriction=no_u_turn;;;1530947415;307184496;1530947415
21006588;restriction_added;turn_restriction;;restriction=no_u_turn;;;1530947414;1826208695;1530947414
21006589;restriction_added;turn_restriction;;restriction=only_right_turn;;;1002937223;1483392071;22754167
21006590;restriction_added;turn_restriction;;restriction=no_u_turn;;;1002937222;623095583;1002808327
21006591;restriction_added;turn_restriction;;restriction=only_straight_on;;;312277538;1483392071;22754167
21006592;restriction_added;turn_restriction;;restriction=only_straight_on;;;312277538;29403188;623095583
21006593;restriction_added;turn_restriction;;restriction=no_u_turn;;;623095583;29527227;623095583
21006594;restriction_added;turn_restriction;;restriction=no_u_turn;;;22754167;1483392071;22754167
21006595;restriction_added;turn_restriction;;restriction=only_straight_on;;;135000738;305832258;592506712
21006596;restriction_added;turn_restriction;;restriction=only_straight_on;;;483411124;305832258;592506712
21006597;restriction_added;turn_restriction;;restriction=only_straight_on;;;1002808327;1483392055;1318197148
21006598;restriction_added;turn_restriction;;restriction=no_u_turn;;;22737056;307184496;22737056
21006599;restriction_added;turn_restriction;;restriction=only_straight_on;;;27855084;244178520;1530947416
21006600;restriction_added;turn_restriction;;restriction=no_right_turn;;;135000744;1826208693;1331703615
21006601;restriction_added;turn_restriction;;restriction=no_u_turn;;;135000744;1826208693;135000744
21006602;restriction_added;turn_restriction;;restriction=only_straight_on;;;171617087;305830601;171617089
21006603;restriction_added;turn_restriction;;restriction=no_u_turn;;;1413408243;1826208712;1413408243
21006604;restriction_added;turn_restriction;;restriction=no_u_turn;;;171617088;1413408243;171617087
21006605;restriction_added;turn_restriction;;restriction=no_u_turn;;;218801441;1413408243;1331703615
21006606;restriction_added;turn_restriction;;restriction=only_straight_on;;;1413408243;1826208693;135000744
21006607;restriction_added;turn_restriction;;restriction=only_straight_on;;;1331703615;244178520;1530947416
21006608;restriction_added;turn_restriction;;restriction=only_straight_on;;;27855078;1826208700;171617088
21006609;restriction_added;turn_restriction;;restriction=no_u_turn;;;171617089;305830601;171617089
21006610;restriction_added;turn_restriction;;restriction=no_left_turn;;;1390729923;29403195;1331117051
21006611;restriction_added;turn_restriction;;restriction=no_u_turn;;;1331117053;29403195;1331117053
21006612;restriction_added;turn_restriction;;restriction=no_u_turn;;;27942616;29403195;27942616
21006613;restriction_added;turn_restriction;;restriction=no_u_turn;;;173031090;1838588061;173031090
21006614;restriction_added;turn_restriction;;restriction=only_straight_on;;;173031102;7881860425;844837551
21006615;restriction_added;turn_restriction;;restriction=only_straight_on;;;238041751;7881860425;844837551
21006616;restriction_added;turn_restriction;;restriction=no_u_turn;;;545889430;1837041102;545889430
21006617;restriction_added;turn_restriction;;restriction=only_straight_on;;;173031089;8418051938;239534669
21006618;restriction_added;turn_restriction;;restriction=only_straight_on;;;239534669;8418051938;173031089
21006619;restriction_added;turn_restriction;;restriction=only_straight_on;;;87509349;1017997567;1218829862
21006620;restriction_added;turn_restriction;;restriction=only_straight_on;;;904958832;8404188226;87509349
21006621;restriction_added;turn_restriction;;restriction=no_left_turn;;;84014696;8403127732;904847997
21006622;restriction_added;turn_restriction;;restriction=only_straight_on;;;904843455;8403127732;904847997
21006623;restriction_added;turn_restriction;;restriction=only_straight_on;;;904848001;1017997529;128346359
21006624;restriction_added;turn_restriction;;restriction=only_straight_on;;;128346359;977504768;1530947420
21006625;restriction_added;turn_restriction;;restriction=only_straight_on;;;1530947420;8403175025;172856032
21006626;restriction_added;turn_restriction;;restriction=only_straight_on;;;172856032;8404188231;1087778605
21006627;restriction_added;turn_restriction;;restriction=only_straight_on;;;904958834;8404188231;1087778605
21006628;restriction_added;turn_restriction;;restriction=only_straight_on;;;172788896;8404188232;904958834
21006629;restriction_added;turn_restriction;;restriction=only_straight_on;;;172788883;1017997567;1218829862
21006630;restriction_added;turn_restriction;;restriction=no_u_turn;;;141563527;4504042543;141563527
21006631;restriction_added;turn_restriction;;restriction=no_u_turn;;;128493075;297625674;128493075
21006632;restriction_added;turn_restriction;;restriction=no_u_turn;;;947741011;413544927;684225737
21006633;restriction_added;turn_restriction;;restriction=no_u_turn;;;592506713;5239479477;592506713
21006634;restriction_added;turn_restriction;;restriction=only_right_turn;;;4629535;29381019;413544926
21006635;restriction_added;turn_restriction;;restriction=no_u_turn;;;413544926;29381019;413544926
21006636;restriction_added;turn_restriction;;restriction=no_u_turn;;;453704725;29381019;453704725
21006637;restriction_added;turn_restriction;;restriction=no_u_turn;;;453704725;4504042542;453704725
21006638;restriction_added;turn_restriction;;restriction=no_u_turn;;;429816006;413544927,947741011;684225737
21006639;restriction_added;turn_restriction;;restriction=no_u_turn;;;818659786;21673404;818659786
21006640;restriction_added;turn_restriction;;restriction=no_u_turn;;;128493057;21673404;128493057
21006641;restriction_added;turn_restriction;;restriction=no_u_turn;;;821422446;21673404;821422446
21006642;restriction_added;turn_restriction;;restriction=no_u_turn;;;36638754;21673404;36638754
21006643;restriction_added;turn_restriction;;restriction=no_u_turn;;;33757818;29542534;33757818
21006644;restriction_added;turn_restriction;;restriction=no_u_turn;;;4643481;29542534;4643481
21006645;restriction_added;turn_restriction;;restriction=no_u_turn;;;814488169;29542534;814488169
21006646;restriction_added;turn_restriction;;restriction=no_u_turn;;;814488169;2564082353;814488169
21006647;restriction_added;turn_restriction;;restriction=no_u_turn;;;1530947422;2564082353;1530947422
21006648;restriction_added;turn_restriction;;restriction=no_u_turn;;;1530947422;11613652392;1530947422
21006649;restriction_added;turn_restriction;;restriction=no_u_turn;;;133626200;11613652392;133626200
21006650;restriction_added;turn_restriction;;restriction=no_u_turn;;;1249526150;11613652392;1249526150
21006651;restriction_added;turn_restriction;;restriction=no_u_turn;;;249857433;2564082353;249857433
21006652;restriction_added;turn_restriction;;restriction=no_u_turn;;;4643481;658936829;4643481
21006653;restriction_added;turn_restriction;;restriction=no_u_turn;;;118292631;658936829;118292631
21006654;restriction_added;turn_restriction;;restriction=no_u_turn;;;33757818;7669541162;33757818
21006655;restriction_added;turn_restriction;;restriction=no_u_turn;;;821422441;83232402;821422441
21006656;restriction_added;turn_restriction;;restriction=no_u_turn;;;514735969;83232402;514735969
21006657;restriction_added;turn_restriction;;restriction=only_straight_on;;;821422441;7669541163;821422442
21006658;restriction_added;turn_restriction;;restriction=no_u_turn;;;542227751;353056215;542227751
21006659;restriction_added;turn_restriction;;restriction=no_u_turn;;;31553832;6816134604;31553832
21006660;restriction_added;turn_restriction;;restriction=no_u_turn;;;1530947429;6816134590;1530947429
21006661;restriction_added;turn_restriction;;restriction=no_u_turn;;;1530947429;353080386;1530947429
21006662;restriction_added;turn_restriction;;restriction=only_right_turn;;;31553829;353080386;27358605
21006663;restriction_added;turn_restriction;;restriction=only_straight_on;;;27358605;353080386;1530947429
21006664;restriction_added;turn_restriction;;restriction=no_u_turn;;;128932651;142147148;135706512
21006665;restriction_added;turn_restriction;;restriction=no_u_turn;;;135706518;142147148;145258230
21006666;restriction_added;turn_restriction;;restriction=no_u_turn;;;1152961359;25917616;1152961359
21006667;restriction_added;turn_restriction;;restriction=no_u_turn;;;34433242;24558431;173199457
21006668;restriction_added;turn_restriction;;restriction=no_u_turn;;;39857855;307405588;39857855
21006669;restriction_added;turn_restriction;;restriction=no_u_turn;;;27431546;24558431;34433243
21006670;restriction_added;turn_restriction;;restriction=only_straight_on;;;24558431;307405588;39857855
21006671;restriction_added;turn_restriction;;restriction=only_left_turn;;;24558431;21262882;173199457
21006672;restriction_added;turn_restriction;;restriction=no_u_turn;;;36886742;408908815;36886742
21006673;restriction_added;turn_restriction;;restriction=no_u_turn;;;36886740;408908810;36886740
21006674;restriction_added;turn_restriction;;restriction=no_u_turn;;;39011776;131700952;1434162832
21006675;restriction_added;turn_restriction;;restriction=only_left_turn;;;131700952;381685415;164446410
21006676;restriction_added;turn_restriction;;restriction=only_straight_on;;;1434162833;464788753;131700950
21006677;restriction_added;turn_restriction;;restriction=only_left_turn;;;1434162832;381685418;33494927
21006678;restriction_added;turn_restriction;;restriction=only_right_turn;;;27994226;307405560;79094525
21006679;restriction_added;turn_restriction;;restriction=no_u_turn;;;164446410;4790377,632502704;27994230
21006680;restriction_added;turn_restriction;;restriction=only_straight_on;;;918867256;8533478850;918867251
21006681;restriction_added;turn_restriction;;restriction=only_straight_on;;;818164143;2327395116;918867256
21006682;restriction_added;turn_restriction;;restriction=only_straight_on;;;27994228;8533478855;918867257
21006683;restriction_added;turn_restriction;;restriction=only_straight_on;;;918867257;8533550681;918867258
21006684;restriction_added;turn_restriction;;restriction=only_straight_on;;;131700951;8533550681;918867258
21006685;restriction_added;turn_restriction;;restriction=only_straight_on;;;818164144;8533478855;918867257
21006686;restriction_added;turn_restriction;;restriction=only_straight_on;;;1318198301;6436144743;223888370
21006687;restriction_added;turn_restriction;;restriction=only_straight_on;;;918867254;4579533040;150570847
21006688;restriction_added;turn_restriction;;restriction=no_u_turn;;;150570847;4790377;223888361
21006689;restriction_added;turn_restriction;;restriction=no_u_turn;;;4790377;257822135;4790377
21006690;restriction_added;turn_restriction;;restriction=no_right_turn;;;4790377;223888361,223888370;27994230
21006691;restriction_added;turn_restriction;;restriction=no_u_turn;;;223888361;223888370;27994230
21006692;restriction_added;turn_restriction;;restriction=only_straight_on;;;4790377;30727076;4630067
21006694;restriction_added;turn_restriction;;restriction=only_straight_on;;;632502704;30727076;223888361
21006695;restriction_added;turn_restriction;;restriction=only_straight_on;;;223888361;6436144743;918867255
21006696;restriction_added;turn_restriction;;restriction=no_u_turn;;;128382479;30727063;128382479
21006697;restriction_added;turn_restriction;;restriction=no_u_turn;;;1200671587;30727063;1200671587
21006698;restriction_added;turn_restriction;;restriction=no_u_turn;;;1421193875;30727063;1421193875
21006699;restriction_added;turn_restriction;;restriction=no_u_turn;;;133090116;30727063;133090116
21006700;restriction_added;turn_restriction;;restriction=no_u_turn;;;593196918;4151780750;593196918
21006701;restriction_added;turn_restriction;;restriction=no_u_turn;;;1530947432;4151780750;1530947432
21006702;restriction_added;turn_restriction;;restriction=no_u_turn;;;1200473744;149822664;149822662
21006703;restriction_added;turn_restriction;;restriction=no_u_turn;;;149822656;6932602;149822656
21006704;restriction_added;turn_restriction;;restriction=no_u_turn;;;149822664;6932602;149822664
21006705;restriction_added;turn_restriction;;restriction=no_u_turn;;;149822664;1627691505;149822664
21006706;restriction_added;turn_restriction;;restriction=no_u_turn;;;93712180;1627691505;93712180
21006707;restriction_added;turn_restriction;;restriction=no_u_turn;;;128932650;81940417;142276766
21006708;restriction_added;turn_restriction;;restriction=no_u_turn;;;566830404;81940417;149822663
21006709;restriction_added;turn_restriction;;restriction=no_u_turn;;;731575955;6932599;731575955
21006710;restriction_added;turn_restriction;;restriction=no_u_turn;;;81940417;6932599;81940417
21006711;restriction_added;turn_restriction;;restriction=no_u_turn;;;81940417;49345436;81940417
21006712;restriction_added;turn_restriction;;restriction=no_u_turn;;;149822659;49345436;149822659
21006713;restriction_added;turn_restriction;;restriction=no_u_turn;;;252889008;149776380;283659284
21006714;restriction_added;turn_restriction;;restriction=no_u_turn;;;149776380;65642916;149776380
21006715;restriction_added;turn_restriction;;restriction=no_u_turn;;;149776380;49345429;149776380
21006716;restriction_added;turn_restriction;;restriction=no_u_turn;;;252889009;149776380;252889007
21006717;restriction_added;turn_restriction;;restriction=no_u_turn;;;252889015;65642916;252889015
21006718;restriction_added;turn_restriction;;restriction=no_u_turn;;;252889015;2589063463;252889015
21006719;restriction_added;turn_restriction;;restriction=only_straight_on;;;1024635667;2589063463;252889015
21006720;restriction_added;turn_restriction;;restriction=only_straight_on;;;1024635665;2589063463;252889015
21006721;restriction_added;turn_restriction;;restriction=no_u_turn;;;135706519;1530947437;1530947436
21006722;restriction_added;turn_restriction;;restriction=no_u_turn;;;135706524;1530947437;1530947438
21006723;restriction_added;turn_restriction;;restriction=no_u_turn;;;1530947437;25917671;1530947437
21006724;restriction_added;turn_restriction;;restriction=no_u_turn;;;1530947437;25917672;1530947437
21006725;restriction_added;turn_restriction;;restriction=no_u_turn;;;4709048;25917671;4709048
21006726;restriction_added;turn_restriction;;restriction=only_left_turn;;;7614887;142147148;145258230
21006727;restriction_added;turn_restriction;;restriction=no_u_turn;;;142147148;25917615;142147148
21006728;restriction_added;turn_restriction;;restriction=no_u_turn;;;142147148;25917616;142147148
21006729;restriction_added;turn_restriction;;restriction=no_u_turn;;;1180918866;8095453;129100170
21006730;restriction_added;turn_restriction;;restriction=only_left_turn;;;8095453;65626587;1367998203
21006731;restriction_added;turn_restriction;;restriction=only_right_turn;;;129100146;178304544;129100170
21006732;restriction_added;turn_restriction;;restriction=no_left_turn;;;1367998204;178304544;8095453
21006733;restriction_added;turn_restriction;;restriction=no_u_turn;;;652073622;920238520;920238521
21006734;restriction_added;turn_restriction;;restriction=no_u_turn;;;1094576467;501228496;1094576469
21006735;restriction_added;turn_restriction;;restriction=no_u_turn;;;501228496;178304520;501228496
21006736;restriction_added;turn_restriction;;restriction=no_left_turn;;;22823101;178304520;501228496
21006737;restriction_added;turn_restriction;;restriction=no_u_turn;;;1308678203;178304520;1308678203
21006738;restriction_added;turn_restriction;;restriction=only_straight_on;;;1308678204;1425424215;1308678203
21006739;restriction_added;turn_restriction;;restriction=only_straight_on;;;1308678203;1425424215;1308678204
21006740;restriction_added;turn_restriction;;restriction=only_left_turn;;;501228496;30680612;1094576468
21006741;restriction_added;turn_restriction;;restriction=only_right_turn;;;940968331;245573152;940968330
21006742;restriction_added;turn_restriction;;restriction=only_straight_on;;;940968330;3406725838;940962633
21006743;restriction_added;turn_restriction;;restriction=only_straight_on;;;940968330;245573152;93712187
21006744;restriction_added;turn_restriction;;restriction=only_straight_on;;;940962633;3406725838;940968330
21006745;restriction_added;turn_restriction;;restriction=no_u_turn;;;360156805;1333169460,1333169463;1333169462
21006746;restriction_added;turn_restriction;;restriction=no_u_turn;;;219625343;1333169461,1333169462;1333169463
21006747;restriction_added;turn_restriction;;restriction=no_u_turn;;;1024991959;1333169460,1333169462;1333169461
21006748;restriction_added;turn_restriction;;restriction=only_straight_on;;;110546735;1262223904;360156800
21006749;restriction_added;turn_restriction;;restriction=only_straight_on;;;360156805;483434;1333169463
21006750;restriction_added;turn_restriction;;restriction=only_straight_on;;;110546758;1262223954;506767208
21006751;restriction_added;turn_restriction;;restriction=only_straight_on;;;110546746;1262223868;485769776
21006752;restriction_added;turn_restriction;;restriction=no_u_turn;;;313479831;1333169461,1333169463;1333169460
21006753;restriction_added;turn_restriction;;restriction=only_straight_on;;;110546755;1262223833;1111613840
21006754;restriction_added;turn_restriction;;restriction=only_straight_on;;;896731169;1262223833;1111613840
21006755;restriction_added;turn_restriction;;restriction=only_straight_on;;;896731147;1262223868;485769776
21006756;restriction_added;turn_restriction;;restriction=only_straight_on;;;896731161;1262223904;360156800
21006757;restriction_added;turn_restriction;;restriction=only_straight_on;;;896731153;1262223954;506767208
21006758;restriction_added;turn_restriction;;restriction=only_left_turn;;;480960535;141438357;1367998199
21006759;restriction_added;turn_restriction;;restriction=only_straight_on;;;110546767;244010557;485772394
21006760;restriction_added;turn_restriction;;restriction=only_straight_on;;;480960536;244010557;485772394
21006761;restriction_added;turn_restriction;;restriction=no_u_turn;;;1319963669;213887633,1319963662;117273584
21006762;restriction_added;turn_restriction;;restriction=no_u_turn;;;1319963662;117273584;896928989
21006763;restriction_added;turn_restriction;;restriction=only_straight_on;;;110547814;8337222723;896947781
21006764;restriction_added;turn_restriction;;restriction=only_straight_on;;;896947781;8337222621;1367998198
21006765;restriction_added;turn_restriction;;restriction=only_straight_on;;;896928987;8337222621;1367998198
21006766;restriction_added;turn_restriction;;restriction=only_straight_on;;;1319963666;1262229640;1319965388
21006767;restriction_added;turn_restriction;;restriction=only_straight_on;;;896947784;1262229640;1319965388
21006768;restriction_added;turn_restriction;;restriction=no_u_turn;;;1367998193;1259612123;1367998193
21006769;restriction_added;turn_restriction;;restriction=no_u_turn;;;110254934;1259612123;110254934
21006770;restriction_added;turn_restriction;;restriction=no_u_turn;;;1367998194;1259612123;1367998194
21006771;restriction_added;turn_restriction;;restriction=no_u_turn;;;669204269;1259612123;669204269
21028158;restriction_added;turn_restriction;;restriction=no_left_turn;;;1041159330;1288894859;1145075199
21028159;restriction_added;turn_restriction;;restriction=no_right_turn;;;1532194168;1288894859;1145075199
21030650;restriction_added;turn_restriction;;restriction=no_u_turn;;;128553053;10084772101;128553053
21030651;restriction_added;turn_restriction;;restriction=no_u_turn;;;1532318508;10084772101;1532318508
21030652;restriction_added;turn_restriction;;restriction=no_u_turn;;;1532318509;10084772102;1532318509
21030653;restriction_added;turn_restriction;;restriction=no_u_turn;;;142147138;10567878469;142147138
21030654;restriction_added;turn_restriction;;restriction=no_u_turn;;;1133471877;10084772102;1133471877
21030655;restriction_added;turn_restriction;;restriction=no_u_turn;;;1133471877;10567878469;1133471877
21030656;restriction_added;turn_restriction;;restriction=no_u_turn;;;142147138;25973094;142147138
21030657;restriction_added;turn_restriction;;restriction=no_left_turn;;;142147138;25973094;1133471842
21030658;restriction_added;turn_restriction;;restriction=no_left_turn;;;50178031;21311890;27766393
21030659;restriction_added;turn_restriction;;restriction=no_u_turn;;;4641566;10595978341;4641566
21030660;restriction_added;turn_restriction;;restriction=only_straight_on;;;620357624;25972978;1532318535
21030661;restriction_added;turn_restriction;;restriction=only_straight_on;;;620357625;8425345099;1530947392
21046735;restriction_added;turn_restriction;;restriction=no_left_turn;;;236074568;2441448190;1533794759
21102632;restriction_added;turn_restriction;;restriction=no_left_turn;;;1337755477;1190012169;1539415826
21102633;restriction_added;turn_restriction;;restriction=no_right_turn;;;1337755477;1190012169;1539415825
21102634;restriction_added;turn_restriction;;restriction=no_right_turn;;;128405190;1539415825;1539415827
21102635;restriction_added;turn_restriction;;restriction=no_left_turn;;;4044998;25376808;1539415826
21102636;restriction_added;turn_restriction;;restriction=no_left_turn;;;1190012169;14017304107;1539415826
21126009;restriction_added;turn_restriction;;restriction=no_left_turn;;;4820077;5873895641;545025874
21282925;restriction_added;turn_restriction;;restriction=no_left_turn;;;23638698;256090192;234380246
21302447;restriction_added;turn_restriction;;restriction=no_left_turn;;;1553867374;13986305694;1534992168
21302448;restriction_added;turn_restriction;;restriction=no_left_turn;;;1553867375;374382147;33141473
21319191;restriction_added;turn_restriction;;restriction=no_left_turn;;;1554599344;8391101803;1554599345
21319192;restriction_added;turn_restriction;;restriction=no_right_turn;;;25401486;8391101803;1554599346
21319193;restriction_added;turn_restriction;;restriction=no_left_turn;;bus;77809375;2110450762;1554599344
1918026;restriction_removed;turn_restriction;restriction=no_left_turn;;;;4629535;29381019;453704725
3346636;restriction_removed;turn_restriction;restriction=no_left_turn;;;;10157972;8520784640;118322527
3950968;restriction_removed;turn_restriction;restriction=no_left_turn;;;;297047766;1433464511;130038091
3950969;restriction_removed;turn_restriction;restriction=no_right_turn;;;;297047767;117514022;171874471
3950971;restriction_removed;turn_restriction;restriction=no_left_turn;;;;297047767;1433464515;130038092
4742871;restriction_removed;turn_restriction;restriction=no_u_turn;;;;335380591;366272426;335380591
5147764;restriction_removed;turn_restriction;restriction=only_straight_on;;;;502919618;352724888;121749536
6991748;restriction_removed;turn_restriction;restriction=no_straight_on;;;;374424852;60952010;475547250
6991749;restriction_removed;turn_restriction;restriction=no_u_turn;;;;374424852;60952010;374424852
7086323;restriction_removed;turn_restriction;restriction=only_straight_on;;;;896277265;105018422;11729750
7086326;restriction_removed;turn_restriction;restriction=only_left_turn;;;;111607206;1271133079;481388305
7086340;restriction_removed;turn_restriction;restriction=only_straight_on;;;;896277236;25339632;481388666
7119171;restriction_removed;turn_restriction;restriction=only_right_turn;;;;164184202;12439095107;164184207
7208642;restriction_removed;turn_restriction;restriction=only_straight_on;;;;26376323;276792447;87413397
7208643;restriction_removed;turn_restriction;restriction=only_right_turn;;;;25397208;276792440;478323700
7208644;restriction_removed;turn_restriction;restriction=only_left_turn;;;;26376323;276792448;478323701
7208645;restriction_removed;turn_restriction;restriction=only_straight_on;;;;478323701;276792448;32109273
7208646;restriction_removed;turn_restriction;restriction=only_straight_on;;;;478323701;25951387;4709319
11003735;restriction_removed;turn_restriction;restriction=only_left_turn;;;;792535042;1838786011;1221780329
11003736;restriction_removed;turn_restriction;restriction=only_straight_on;;;;792535041;1838786011;1221780329
12202543;restriction_removed;turn_restriction;restriction=only_straight_on;;;;896277233;8331415922;896277235
12202544;restriction_removed;turn_restriction;restriction=only_straight_on;;;;896277242;60646771;896277238
12202545;restriction_removed;turn_restriction;restriction=only_straight_on;;;;896277235;8331415923;896277243
12202546;restriction_removed;turn_restriction;restriction=only_straight_on;;;;481388667;8331415923;896277242
12283565;restriction_removed;turn_restriction;restriction=no_left_turn;;;;483627227;483627222;904547869
12283566;restriction_removed;turn_restriction;restriction=no_right_turn;;;;483627216;550955134,904547871;904547870
12283567;restriction_removed;turn_restriction;restriction=no_right_turn;;;;483627216;904547871;550955134
12462881;restriction_removed;turn_restriction;restriction=no_right_turn;;;;1318198301;6436144743;918867255
12462882;restriction_removed;turn_restriction;restriction=no_left_turn;;;;818164143;2327395116;131700951
12462885;restriction_removed;turn_restriction;restriction=no_right_turn;;;;632502704;30727076;4630067
12462887;restriction_removed;turn_restriction;restriction=no_right_turn;;;;632502704;223888361,223888370;4790377
12502481;restriction_removed;turn_restriction;restriction=only_straight_on;;;;109248222;2742509030;268960950
12691474;restriction_removed;turn_restriction;restriction=no_u_turn;;;;940968330;3406725838;940968330
12691477;restriction_removed;turn_restriction;restriction=no_u_turn;;;;940962633;3406725838;940962633
14916322;restriction_removed;turn_restriction;restriction=no_u_turn;;;;1434162833;131700952;164446410
17287593;restriction_removed;turn_restriction;restriction=only_straight_on;;;;142147143;29527228;1216062677
17897579;restriction_removed;turn_restriction;restriction=only_straight_on;;;;1228821292;12086868558;1305006952
18279049;restriction_removed;turn_restriction;restriction=no_right_turn;;;;360156805;483434;896731161
18344324;restriction_removed;turn_restriction;restriction=no_left_turn;;;;130038092;243770354;171874471
18344325;restriction_removed;turn_restriction;restriction=no_left_turn;;;;130038091;1433464513;32857621
18882009;restriction_removed;turn_restriction;restriction=no_u_turn;;;;940968330;245573152;940968330
19311126;restriction_removed;turn_restriction;restriction=no_u_turn;;;;8095453;65626587;8095453
19311127;restriction_removed;turn_restriction;restriction=no_left_turn;;;;8095453;65626587;1367998203
19317792;restriction_removed;turn_restriction;restriction=only_straight_on;;;;1411859702;12973704767;1411859699
19317793;restriction_removed;turn_restriction;restriction=only_straight_on;;;;217398116;12919464692;1411859700
19683395;restriction_removed;turn_restriction;restriction=no_left_turn;;;;118322527;1308345034;180964438
19683397;restriction_removed;turn_restriction;restriction=no_u_turn;;;;118322527;8520784640;118322527
19683398;restriction_removed;turn_restriction;restriction=no_right_turn;;;;118322527;8520784640;10157972
19697382;restriction_removed;turn_restriction;restriction=only_straight_on;;;;1436920960;8510653295;761320182
19724326;restriction_removed;turn_restriction;restriction=only_right_turn;;;;1356955341;1042071169;521809343
19724327;restriction_removed;turn_restriction;restriction=only_straight_on;;;;1356955341;1042071169;521809341
92743;restriction_changed;turn_restriction;restriction=no_left_turn;restriction=no_left_turn;;psv;1442902019;251975;309632703
1618475;restriction_changed;turn_restriction;restriction=only_straight_on;restriction=only_straight_on;;;1464178151;25665985;907484652
1918018;restriction_changed;turn_restriction;restriction=only_straight_on;restriction=only_straight_on;;;333131932;13296270022;141563530
2293150;restriction_changed;turn_restriction;restriction=only_straight_on;restriction=only_straight_on;;;1539415827;25376807;1049175470
3346637;restriction_changed;turn_restriction;restriction=only_right_turn;restriction=only_right_turn;;;1504450428;25936248;118322531
3738160;restriction_changed;turn_restriction;restriction=only_left_turn;restriction=only_straight_on;;;164184202;12439095107;1460006780
5902626;restriction_changed;turn_restriction;restriction=only_right_turn;restriction=only_right_turn;;;1533816822;21298886;4017976
6989775;restriction_changed;turn_restriction;restriction=no_left_turn;restriction=no_left_turn;;;4704709;1478867350;134506628
6991747;restriction_changed;turn_restriction;restriction=no_left_turn;restriction=no_left_turn;;;1462343406;60952010;475547250
7086065;restriction_changed;turn_restriction;restriction=only_right_turn;restriction=only_right_turn;;;481376396,1545848054;21596993;16076773
7086068;restriction_changed;turn_restriction;restriction=no_right_turn;restriction=no_right_turn;;;481376391;105049236;925509795
7086330;restriction_changed;turn_restriction;restriction=only_straight_on;restriction=only_straight_on;;;29169623;296437544;481388306
7086342;restriction_changed;turn_restriction;restriction=only_straight_on;restriction=only_straight_on;;;896277238;60646773;481388668
7090396;restriction_changed;turn_restriction;restriction=only_straight_on;restriction=only_straight_on;;;1460011155;21631587;481583654
7095529;restriction_changed;turn_restriction;restriction=only_straight_on;restriction=only_straight_on;;;364622781;;98491976
7100188;restriction_changed;turn_restriction;restriction=no_right_turn;restriction=no_right_turn;;;638353056;6016473853;1457146151
7111064;restriction_changed;turn_restriction;restriction=only_straight_on;restriction=only_straight_on;;;32842455;1271033429;1495843460
7119173;restriction_changed;turn_restriction;restriction=only_straight_on;restriction=only_straight_on;;;1327950178;12439095107;1460006778
7134394;restriction_changed;turn_restriction;restriction=no_left_turn;restriction=no_left_turn;;;1554599347;276837869;25401486
7138485;restriction_changed;turn_restriction;restriction=no_u_turn;restriction=no_u_turn;;;1554735143;25952587;1554735143
8315933;restriction_changed;turn_restriction;restriction=only_straight_on;restriction=only_straight_on;;;506415018;704076;1549634890
9507295;restriction_changed;turn_restriction;restriction=no_left_turn;restriction=no_left_turn;;;1520884742;8678443172;685149410
9519946;restriction_changed;turn_restriction;restriction=only_right_turn;restriction=only_right_turn;;;32565562;366272426;1553867374
10450080;restriction_changed;turn_restriction;restriction=no_u_turn;restriction=no_u_turn;;;757443948;21713708;1470235403
12477312;restriction_changed;turn_restriction;restriction=only_straight_on;restriction=only_straight_on;;;1530947410;32438879;24731712
14658165;restriction_changed;turn_restriction;restriction=only_right_turn;restriction=only_right_turn;;;30807423;341383143;1479406182
15046551;restriction_changed;turn_restriction;restriction=no_u_turn;restriction=no_u_turn;;;1124788911;;1124788912
15046552;restriction_changed;turn_restriction;restriction=no_u_turn;restriction=no_u_turn;;;1124788910;1124788911;
18050904;restriction_changed;turn_restriction;restriction=no_u_turn;restriction=no_u_turn;;;1444979766;344184509;30954285
19324222;restriction_changed;turn_restriction;restriction=no_u_turn;restriction=no_u_turn;;;;1124788912;1124788910
19324224;restriction_changed;turn_restriction;restriction=no_straight_on;restriction=no_straight_on;;;1011898551;;310805115
19538507;restriction_changed;turn_restriction;restriction=no_left_turn;restriction=no_left_turn;;;1425776078;32436375;1464007438
19681258;restriction_changed;turn_restriction;restriction=no_u_turn;restriction=no_u_turn;;;1454588626;21453198;1454588626
19681259;restriction_changed;turn_restriction;restriction=no_u_turn;restriction=no_u_turn;;;1553306351;21453198;1553306351
19683396;restriction_changed;turn_restriction;restriction=no_u_turn;restriction=no_u_turn;;;1457108271;1308345034;1457108271
